fullname,password,email,id
Chloe Brockman,682,tmenzies6p@hexun.com,1
Cletus Blackmoor,843,rcodner0@berkeley.edu,2
Eugenius Eilles,119,clittrell5r@bigcartel.com,3
Grazia Guy,596,kaitkeny@telegraph.co.uk,4
Dave Craiker,401,kaitkeny@telegraph.co.uk,5
Lexy Heindrick,389,dwhisker2r@topsy.com,6
Josie Olenchenko,520,hmasarrat3z@csmonitor.com,7
Tersina McDiarmid,580,eneles61@vistaprint.com,8
Doretta Linne,274,sbohey1y@twitter.com,9
Gusty Feore,884,kaldiss6i@craigslist.org,10
Lazare Weddeburn,839,sberryann4q@ebay.co.uk,11
Jesse Kopman,228,tmordy6l@merriam-webster.com,12
Will Feldheim,321,elauks15@vkontakte.ru,13
Talya Eccleston,851,hstrettell3c@list-manage.com,14
Filmer Mayfield,632,wweatherburn3r@discuz.net,15
Allyn Guy,502,kmitchely62@msu.edu,16
Antoine Veare,493,bhollyland3e@prnewswire.com,17
Myca Halward,374,sbrito2q@posterous.com,18
Phylis Pyne,251,lkenafaque2o@utexas.edu,19
Sharlene Whisker,280,mbonass5p@slideshare.net,20
Jennilee Westwick,695,dscanterburyx@topsy.com,21
Kessiah Coton,921,fegdalej@infoseek.co.jp,22
Augusta Stovine,810,kaitkeny@telegraph.co.uk,23
Abran Hefforde,440,dshields5n@loc.gov,24
Almeda Boyle,400,gkibbeyo@vkontakte.ru,25
Lyon Brabham,477,cschirak1o@rambler.ru,26
Geno Kopman,727,acafe13@xinhuanet.com,27
Fawne Malinson,854,lsorey1t@webeden.co.uk,28
Stuart Benjefield,274,mboman9@google.cn,29
Daniele Malinson,214,ncoton3b@php.net,30
Aigneis Hamsley,717,dbonick18@shareasale.com,31
Sherm Ditchburn,700,gcullrfordm@myspace.com,32
Ulick Loache,321,idrains4u@google.com.hk,33
Angelina Oliver,188,svanine@flavors.me,34
Brigid Guerre,285,eneles61@vistaprint.com,35
Bailie MacCafferky,579,fegdalej@infoseek.co.jp,36
Christoph Weatherburn,821,uqueree69@answers.com,37
Ellwood Aldiss,211,vmenier4n@parallels.com,38
Tobey Abdee,853,aduckeru@scribd.com,39
Tobey Mustarde,914,nolfert4o@pbs.org,40
Josie Queree,731,nbransomh@chicagotribune.com,41
Myca Beldon,833,chelgass33@hhs.gov,42
Tobey Cunliffe,550,akellough2h@blogtalkradio.com,43
Joan Banger,408,amcleod4s@google.cn,44
Will Mayfield,244,cfendt3j@narod.ru,45
Marisa Brizell,128,chyam5u@usatoday.com,46
Gusty Bexley,461,acarnoghan25@economist.com,47
Sherm Hamsley,361,efeldheim44@utexas.edu,48
Dorolice Guy,757,rbenjefield53@bravesites.com,49
Elvera Biggin,423,hmanketell1n@cbslocal.com,50